[
    {
        "id": 0,
        "title": "post 0",
        "body": "quo et expedita modi cum officia vel magni\ndoloribus qui repudiandae vero nisi sit quos veniam quod sed accusamus veritatis",
    },
    {
        "id": 1,
        "title": "post 1",
        "body": "Quisque cursus, metus vitae pharetra Nam libero tempore, cum soluta nobis est eligendi",
    },
    {
        "id": 2,
        "title": "post 2",
        "body": "Harum quidem rerum facilis est et expedita distinctio quas molestias excepturi sint",
    },
    {
        "id": 3,
        "title": "sunt aut facere",
        "body": "quia et suscipit\nsuscipit recusandae consequuntur expedita et cum\nreprehenderit molestiae ut ut quas totam\nnostrum rerum est autem sunt rem eveniet architecto"
    },
    {
        "id": 4,
        "title": "qui est esse",
        "body": "est rerum tempore vitae\nsequi sint nihil reprehenderit dolor beatae ea dolores neque\nfugiat blanditiis voluptate porro vel nihil molestiae ut reiciendis\nqui aperiam non debitis possimus qui neque nisi nulla"
    },
    {
        "id": 5,
        "title": "ea molestias quasi",
        "body": "et iusto sed quo iure\nvoluptatem occaecati omnis eligendi aut ad\nvoluptatem doloribus vel accusantium quis pariatur\nmolestiae porro eius odio et labore et velit aut"
    },
    {
        "id": 6,
        "title": "eum et est occaecati",
        "body": "ullam et saepe reiciendis voluptatem adipisci\nsit amet autem assumenda provident rerum culpa\nquis hic commodi nesciunt rem tenetur doloremque ipsam iure\nquis sunt voluptatem rerum illo velit"
    },
    {
        "id": 7,
        "title": "nesciunt quas odio",
        "body": "repudiandae veniam quaerat sunt sed\nalias aut fugiat sit autem sed est\nvoluptatem omnis possimus esse voluptatibus quis\nest aut tenetur dolor neque"
    },
    {
        "id": 8,
        "title": "dolorem eum magni",
        "body": "ut aspernatur corporis harum nihil quis provident sequi\nmollitia nobis aliquid molestiae\nperspiciatis et ea nemo ab reprehenderit accusantium quas\nvoluptate dolores velit et doloremque molestiae"
    },
    {
        "id": 9,
        "title": "magnam facilis autem",
        "body": "dolore placeat quibusdam ea quo vitae\nmagni quis enim qui quis quo nemo aut saepe\nquidem repellat excepturi ut quia\nsunt ut sequi eos ea sed quas"
    },
    {
        "id": 10,
        "title": "dolorem dolore est ipsam",
        "body": "dignissimos aperiam dolorem qui eum\nfacilis quibusdam animi sint suscipit qui sint possimus cum\nquaerat magni maiores excepturi\nipsam ut commodi dolor voluptatum modi aut vitae"
    },
    {
        "id": 11,
        "title": "nesciunt iure omnis",
        "body": "consectetur animi nesciunt iure dolore\nenim quia ad\nveniam autem ut quam aut nobis\net est aut quod aut provident voluptas autem voluptas"
    }
]
}