[
    {
        "id": 0,
        "title": "post 0",
        "body": "quo et expedita modi cum officia vel magni doloribus qui repudiandae vero nisi sit quos veniam quod sed accusamus veritatis"
    },
    {
        "id": 1,
        "title": "post 1",
        "body": "Quisque cursus, metus vitae pharetra Nam libero tempore, cum soluta nobis est eligendi"
    },
    {
        "id": 2,
        "title": "post 2",
        "body": "Harum quidem rerum facilis est et expedita distinctio quas molestias excepturi sint"
    },
    {
        "id": 3,
        "title": "sunt aut facere",
        "body": "quia et suscipit suscipit recusandae consequuntur expedita et cum reprehenderit molestiae ut ut quas totam nostrum rerum est autem sunt rem eveniet architecto"
    },
    {
        "id": 4,
        "title": "qui est esse",
        "body": "est rerum tempore vitae sequi sint nihil reprehenderit dolor beatae ea dolores neque fugiat blanditiis voluptate porro vel nihil molestiae ut reiciendis qui aperiam non debitis possimus qui neque nisi nulla"
    },
    {
        "id": 5,
        "title": "ea molestias quasi",
        "body": "et iusto sed quo iure voluptatem occaecati omnis eligendi aut ad voluptatem doloribus vel accusantium quis pariatur molestiae porro eius odio et labore et velit aut"
    },
    {
        "id": 6,
        "title": "eum et est occaecati",
        "body": "ullam et saepe reiciendis voluptatem adipisci sit amet autem assumenda provident rerum culpa quis hic commodi nesciunt rem tenetur doloremque ipsam iure quis sunt voluptatem rerum illo velit"
    },
    {
        "id": 7,
        "title": "nesciunt quas odio",
        "body": "repudiandae veniam quaerat sunt sed alias aut fugiat sit autem sed est voluptatem omnis possimus esse voluptatibus quis est aut tenetur dolor neque"
    },
    {
        "id": 8,
        "title": "dolorem eum magni",
        "body": "ut aspernatur corporis harum nihil quis provident sequi mollitia nobis aliquid molestiae perspiciatis et ea nemo ab reprehenderit accusantium quas voluptate dolores velit et doloremque molestiae"
    },
    {
        "id": 9,
        "title": "magnam facilis autem",
        "body": "dolore placeat quibusdam ea quo vitae magni quis enim qui quis quo nemo aut saepe quidem repellat excepturi ut quia sunt ut sequi eos ea sed quas"
    },
    {
        "id": 10,
        "title": "dolorem dolore est ipsam",
        "body": "dignissimos aperiam dolorem qui eum facilis quibusdam animi sint suscipit qui sint possimus cum quaerat magni maiores excepturi ipsam ut commodi dolor voluptatum modi aut vitae"
    },
    {
        "id": 11,
        "title": "nesciunt iure omnis",
        "body": "consectetur animi nesciunt iure dolore enim quia ad veniam autem ut quam aut nobis et est aut quod aut provident voluptas autem voluptas"
    }
]